Time (s),Flow 1 (L/min),Flow 2 (L/min),Pressure 1 (mmHg),Pressure 2 (mmHg),Pressure 3 (mmHg)
0.1011089,1.5,2.5,20,50,80
0.4796435,1.5,2.5,20,50,80
0.7124135,1.5,2.5,20,50,80
0.9394159,1.5,2.5,20,50,80
1.1618781,1.5,2.5,20,50,80
1.4017546,1.5,2.5,20,50,80
